TabelaReferenciaCodigo,CodigoTipoVeiculo,CodigoMarca,CodigoModelo,AnoModeloParam,CodigoTipoCombustivelParam,Valor,Marca,Modelo,AnoModelo,CodigoFipe,Combustivel,TipoVeiculo,SiglaCombustivel,MesReferencia,Autenticacao,DataConsulta,ValorNum
337,1,,,32000,5,"R$ 76.775,00",Fiat,MOBI LIKE 1.0 Fire Flex 5p.,32000,001461-3,Flex,1,F,setembro de 2026 ,8chty5lssycz,"terça-feira, 1 de setembro de 2026 04:00",76775.0
337,1,,,32000,5,"R$ 93.632,00",Fiat,ARGO DRIVE 1.0 6V Flex,32000,001494-0,Flex,1,F,setembro de 2026 ,cgq4t6m2byhcz,"terça-feira, 1 de setembro de 2026 04:00",93632.0
337,1,,,32000,5,"R$ 169.350,00",Fiat,Toro Freedom 1.3 T270 4x2 Flex Aut.,32000,001538-5,Flex,1,F,setembro de 2026 ,jqwptjyp3ccz,"terça-feira, 1 de setembro de 2026 04:00",169350.0
337,1,,,32000,5,"R$ 116.835,00",Fiat,CRONOS DRIVE 1.3 8V Flex Aut.,32000,001554-7,Flex,1,F,setembro de 2026 ,gq9x7c8snvcz,"terça-feira, 1 de setembro de 2026 04:00",116835.0
337,1,,,32000,3,"R$ 269.038,00",Fiat,Ducato Cargo 2.2 Diesel (E6),32000,001563-6,Diesel,1,D,setembro de 2026 ,nhr1vsls3wj1gy,"terça-feira, 1 de setembro de 2026 04:00",269038.0
337,1,,,32000,5,"R$ 119.428,00",Fiat,Fastback 1.0 200 Turbo Flex Aut,32000,001568-7,Flex,1,F,setembro de 2026 ,gvb5xcwvcgj1hl,"terça-feira, 1 de setembro de 2026 04:00",119428.0
337,1,,,32000,5,"R$ 110.757,00",Fiat,Strada Endurance 1.3 Flex 8V CS Plus,32000,001569-5,Flex,1,F,setembro de 2026 ,gh50s8g72mj1hl,"terça-feira, 1 de setembro de 2026 04:00",110757.0
337,1,,,32000,5,"R$ 122.678,00",Fiat,Fiorino Endurance 1.3 Flex 8V 2p,32000,001589-0,Flex,1,F,setembro de 2026 ,gy49v07ddjj1hl,"terça-feira, 1 de setembro de 2026 04:00",122678.0
337,1,,,32000,5,"R$ 118.557,00",Fiat,PULSE 1.0 Turbo 200  Flex Aut.,32000,001592-0,Flex,1,F,setembro de 2026 ,gtbjht86lgj1hl,"terça-feira, 1 de setembro de 2026 04:00",118557.0
337,1,,,32000,5,"R$ 175.157,00",Toyota,Corolla XEi 2.0 Flex 16V Aut.,32000,002111-3,Flex,1,F,setembro de 2026 ,jyprwq4yfkcz,"terça-feira, 1 de setembro de 2026 04:00",175157.0
337,1,,,32000,3,"R$ 297.861,00",Toyota,Hilux CD SR 4x4 2.8 TDI Diesel Aut.,32000,002142-3,Diesel,1,D,setembro de 2026 ,plkpbvc8pxcb,"terça-feira, 1 de setembro de 2026 04:00",297861.0
337,1,,,32000,5,"R$ 192.997,00",Toyota,Corolla Cross XRE 2.0 16V Flex Aut.,32000,002203-9,Flex,1,F,setembro de 2026 ,kml56tz62bcz,"terça-feira, 1 de setembro de 2026 04:00",192997.0
337,1,,,32000,5,"R$ 105.495,00",Toyota,YARIS XL 1.5 Flex 16V 5p Aut.,32000,002207-1,Flex,1,F,setembro de 2026 ,f90rtmh5nbcz,"terça-feira, 1 de setembro de 2026 04:00",105495.0
337,1,,,32000,3,"R$ 285.741,00",Ford,TRANSIT Furgão 2.0 Medio Turbo Diesel,32000,003487-8,Diesel,1,D,setembro de 2026 ,n4b4129gddj1gy,"terça-feira, 1 de setembro de 2026 04:00",285741.0
337,1,,,32000,3,"R$ 257.272,00",Ford,Ranger XL 2.0 4x4 CD Diesel Mec. ,32000,003502-5,Diesel,1,D,setembro de 2026 ,m1zdf2sfxmj1gy,"terça-feira, 1 de setembro de 2026 04:00",257272.0
337,1,,,32000,5,"R$ 136.766,00",GM - Chevrolet,SPIN LT 1.8 8V Econo.Flex 5p Mec.,32000,004414-8,Flex,1,F,setembro de 2026 ,hhpclw0dqbcz,"terça-feira, 1 de setembro de 2026 04:00",136766.0
337,1,,,32000,5,"R$ 162.777,00",GM - Chevrolet,SPIN PREMIER 1.8 8V Econo.Flex 5p Aut.,32000,004494-6,Flex,1,F,setembro de 2026 ,jg5sncwvdjcz,"terça-feira, 1 de setembro de 2026 04:00",162777.0
337,1,,,32000,5,"R$ 118.473,00",GM - Chevrolet,ONIX SEDAN Plus LT 1.0 12V TB Flex Aut.,32000,004501-2,Flex,1,F,setembro de 2026 ,gs7gvswf46cz,"terça-feira, 1 de setembro de 2026 04:00",118473.0
337,1,,,32000,5,"R$ 95.684,00",GM - Chevrolet,ONIX HATCH LT 1.0 12V Flex 5p Mec.,32000,004517-9,Flex,1,F,setembro de 2026 ,chh6n7mst3dcz,"terça-feira, 1 de setembro de 2026 04:00",95684.0
337,1,,,32000,5,"R$ 178.985,00",GM - Chevrolet,TRACKER Premier 1.2 Turbo 12V Flex Aut.,32000,004525-0,Flex,1,F,setembro de 2026 ,j25w3mgzvkcz,"terça-feira, 1 de setembro de 2026 04:00",178985.0
337,1,,,32000,5,"R$ 153.456,00",GM - Chevrolet,MONTANA LTZ 1.2 Turbo Flex 12V 4p Aut.,32000,004541-1,Flex,1,F,setembro de 2026 ,h37z43lc42j1hl,"terça-feira, 1 de setembro de 2026 04:01",153456.0
337,1,,,32000,3,"R$ 289.822,00",GM - Chevrolet,S10 Pick-Up WT 2.8 TDI 4x4 CD Diesel Aut,32000,004550-0,Diesel,1,D,setembro de 2026 ,n84hb3q5hwj1gy,"terça-feira, 1 de setembro de 2026 04:01",289822.0
337,1,,,32000,3,"R$ 365.614,00",VW - VolksWagen,AMAROK Highline CD 3.0 4x4 TB Dies. Aut.,32000,005483-6,Diesel,1,D,setembro de 2026 ,r4z9fpp7gwcb,"terça-feira, 1 de setembro de 2026 04:01",365614.0
337,1,,,32000,5,"R$ 151.482,00",VW - VolksWagen,VIRTUS Highline 200 TSI 1.0 Flex 12V Aut,32000,005484-4,Flex,1,F,setembro de 2026 ,h1x7yfnqztcz,"terça-feira, 1 de setembro de 2026 04:01",151482.0
337,1,,,32000,5,"R$ 174.806,00",VW - VolksWagen,T-Cross Comfor. 200 TSI 1.0 Flex 5p Aut.,32000,005509-3,Flex,1,F,setembro de 2026 ,jx80dhj4x2j1hl,"terça-feira, 1 de setembro de 2026 04:01",174806.0
337,1,,,32000,5,"R$ 156.494,00",VW - VolksWagen,Nivus Highline 1.0 200 TSI Flex Aut.,32000,005526-3,Flex,1,F,setembro de 2026 ,h7td7rksrkcz,"terça-feira, 1 de setembro de 2026 04:01",156494.0
337,1,,,32000,5,"R$ 211.359,00",VW - VolksWagen,TAOS Highline 1.4 250 TSI Flex Aut.,32000,005528-0,Flex,1,F,setembro de 2026 ,k94lp2hq3kcz,"terça-feira, 1 de setembro de 2026 04:01",211359.0
337,1,,,32000,5,"R$ 91.722,00",VW - VolksWagen,Polo Track 1.0 Flex 12V 5p,32000,005540-9,Flex,1,F,setembro de 2026 ,cf0rl47hzggcz,"terça-feira, 1 de setembro de 2026 04:01",91722.0
337,1,,,32000,5,"R$ 131.457,00",VW - VolksWagen,Saveiro Robust 1.6 Total Flex 16V CD,32000,005537-9,Flex,1,F,setembro de 2026 ,g9gdnjcmzkj1hl,"terça-feira, 1 de setembro de 2026 04:01",131457.0
337,1,,,32000,5,"R$ 121.663,00",VW - VolksWagen,Tera 1.0 170 TSI Flex 12V 5p Mec.,32000,005554-9,Flex,1,F,setembro de 2026 ,gxzd6nmx3pj1hl,"terça-feira, 1 de setembro de 2026 04:01",121663.0
337,1,,,32000,1,"R$ 332.474,00",BMW,X1 SDRIVE 20i GP 2.0 TB Aut.,32000,009323-8,Gasolina,1,G,setembro de 2026 ,qw4rq8nx14j1f9,"terça-feira, 1 de setembro de 2026 04:01",332474.0
337,1,,,32000,5,"R$ 83.121,00",Citroën,C3 Live Pack 1.0 Flex 6V 5p Mec.,32000,011223-2,Flex,1,F,setembro de 2026 ,cbrxdwq2xwccz,"terça-feira, 1 de setembro de 2026 04:01",83121.0
337,1,,,32000,5,"R$ 116.405,00",Honda,CITY Sedan LX 1.5 Flex 16V 4p Aut.,32000,014059-7,Flex,1,F,setembro de 2026 ,gqs9qqdjhhcz,"terça-feira, 1 de setembro de 2026 04:01",116405.0
337,1,,,32000,5,"R$ 97.206,00",Citroën,BASALT Feel 1.0 Flex 6V 5p Mec.,32000,011238-0,Flex,1,F,setembro de 2026 ,ch21wf96h7ccz,"terça-feira, 1 de setembro de 2026 04:01",97206.0
337,1,,,32000,5,"R$ 150.433,00",Honda,WR-V EX 1.5 Flexone 16V 5p Aut.,32000,014094-5,Flex,1,F,setembro de 2026 ,h0p3zgdz6lcz,"terça-feira, 1 de setembro de 2026 04:01",150433.0
337,1,,,32000,5,"R$ 204.866,00",Honda,HR-V Advance 1.5  Flex TB 16V 5p Aut.,32000,014111-9,Flex,1,F,setembro de 2026 ,k2jln7lsnyj1hl,"terça-feira, 1 de setembro de 2026 04:01",204866.0
337,1,,,32000,5,"R$ 116.767,00",Honda,CITY Hatchback LX 1.5 Flex 16V Aut.,32000,014116-0,Flex,1,F,setembro de 2026 ,gq7gl42cs3j1hl,"terça-feira, 1 de setembro de 2026 04:01",116767.0
337,1,,,32000,5,"R$ 143.476,00",Hyundai,Creta Comfort 1.0 TB 12V Flex Aut.,32000,015200-5,Flex,1,F,setembro de 2026 ,hrj74dnl76cz,"terça-feira, 1 de setembro de 2026 04:01",143476.0
337,1,,,32000,5,"R$ 88.650,00",Hyundai,HB20S Comfort Plus 1.0 Flex 12V Mec.,32000,015239-0,Flex,1,F,setembro de 2026 ,cdvq062bjqdcz,"terça-feira, 1 de setembro de 2026 04:01",88650.0
337,1,,,32000,5,"R$ 90.998,00",Hyundai,HB20 Comfort Plus 1.0 Flex 12V Mec.,32000,015245-5,Flex,1,F,setembro de 2026 ,cfq8gf4qw4ccz,"terça-feira, 1 de setembro de 2026 04:01",90998.0
337,1,,,32000,5,"R$ 193.714,00",Jeep,COMPASS LONG. T270 1.3 TB 4x2 Flex Aut.,32000,017071-2,Flex,1,F,setembro de 2026 ,knf727h3gzcz,"terça-feira, 1 de setembro de 2026 04:01",193714.0
337,1,,,32000,5,"R$ 239.513,00",Jeep,Commander Limited T270 1.3 TB Flex Aut.,32000,017081-0,Flex,1,F,setembro de 2026 ,mc4xc93mjycz,"terça-feira, 1 de setembro de 2026 04:01",239513.0
337,1,,,32000,5,"R$ 121.543,00",Jeep,Renegade Sport T270 1.3 TB 4x2 Flex Aut.,32000,017085-2,Flex,1,F,setembro de 2026 ,gxt1z42mxxcz,"terça-feira, 1 de setembro de 2026 04:01",121543.0
337,1,,,32000,3,"R$ 284.867,00",Mitsubishi,Triton HPE 2.4 CD 4x4 TB Diesel Aut.,32000,022213-5,Diesel,1,D,setembro de 2026 ,n3bc8r7zblj1gy,"terça-feira, 1 de setembro de 2026 04:01",284867.0
337,1,,,32000,3,"R$ 267.875,00",Nissan,Frontier ATTAC.CD 4x4 2.3 Bi-TB Die. Aut,32000,023160-6,Diesel,1,D,setembro de 2026 ,ngdsfwk291cb,"terça-feira, 1 de setembro de 2026 04:01",267875.0
337,1,,,32000,5,"R$ 150.141,00",Nissan,VERSA Exclusive 1.6 16V Flex Aut.,32000,023174-6,Flex,1,F,setembro de 2026 ,h0chy2bjtwcz,"terça-feira, 1 de setembro de 2026 04:01",150141.0
337,1,,,32000,1,"R$ 173.705,00",Nissan,Sentra Advance 2.0 16V Aut.,32000,023187-8,Gasolina,1,G,setembro de 2026 ,jwzzt52t81j1f9,"terça-feira, 1 de setembro de 2026 04:01",173705.0
337,1,,,32000,3,"R$ 194.667,00",Peugeot,Expert Cargo 1.5 Turbo Diesel,32000,024260-8,Diesel,1,D,setembro de 2026 ,kpkwwzr458cb,"terça-feira, 1 de setembro de 2026 04:01",194667.0
337,1,,,32000,5,"R$ 132.373,00",Peugeot,2008 Active 1.0 Turbo Flex 5p Aut.,32000,024274-8,Flex,1,F,setembro de 2026 ,hbjprwj5fjj1hl,"terça-feira, 1 de setembro de 2026 04:01",132373.0
337,1,,,32000,5,"R$ 126.290,00",Renault,OROCH Intense 1.6 Flex 16V Mec.,32000,025312-0,Flex,1,F,setembro de 2026 ,g3dlp5lxhjcz,"terça-feira, 1 de setembro de 2026 04:01",126290.0
337,1,,,32000,5,"R$ 70.074,00",Renault,KWID Zen 1.0 Flex 12V 5p Mec.,32000,025266-2,Flex,1,F,setembro de 2026 ,5tx61xhw7scz,"terça-feira, 1 de setembro de 2026 04:01",70074.0
337,1,,,32000,5,"R$ 111.335,00",Renault,Kardian Authentic 1.0 TB 12V 5p Aut.,32000,025335-9,Flex,1,F,setembro de 2026 ,gjv02g16htj1hl,"terça-feira, 1 de setembro de 2026 04:01",111335.0
337,1,,,32000,3,"R$ 272.061,00",Renault,Master 2.3 dCi Furgão 16V Diesel,32000,025196-8,Diesel,1,D,setembro de 2026 ,nl9x1g236jcb,"terça-feira, 1 de setembro de 2026 04:01",272061.0
337,1,,,32000,4,"R$ 138.281,00",GEELY,EX2 MAX ,32000,088006-0,Elétrico,1,E,setembro de 2026 ,hkgfmy8qcsj1g8,"terça-feira, 1 de setembro de 2026 04:01",138281.0
337,1,,,32000,3,"R$ 218.827,00",RAM,RAMPAGE BIG HORN 2.2 TB CD 4X4 Die Aut.,32000,083026-7,Diesel,1,D,setembro de 2026 ,llw091n1g0j1gy,"terça-feira, 1 de setembro de 2026 04:01",218827.0
337,1,,,32000,1,"R$ 186.898,00",Caoa Chery,Tiggo 7 Pro Max Drive 1.6 Turbo 16V Aut.,32000,093011-3,Gasolina,1,G,setembro de 2026 ,kdgh356py7j1f9,"terça-feira, 1 de setembro de 2026 04:01",186898.0
337,1,,,32000,5,"R$ 123.820,00",Renault,DUSTER Intense Plus 1.6 16V Flex Mec.,32000,025325-1,Flex,1,F,setembro de 2026 ,g0htmfz53vj1hl,"terça-feira, 1 de setembro de 2026 04:01",123820.0
337,1,,,32000,6,"R$ 249.113,00",BYD,Song Plus 1.5 16V Aut. (Hibrido),32000,095005-0,Híbrido,1,H,setembro de 2026 ,mrdt7vbdg3j1hx,"terça-feira, 1 de setembro de 2026 04:01",249113.0
337,1,,,32000,1,"R$ 198.999,00",Caoa Chery,Tiggo 8 PRO 1.6 TGDi Aut.,32000,093018-0,Gasolina,1,G,setembro de 2026 ,kvnbz76cjlj1f9,"terça-feira, 1 de setembro de 2026 04:01",198999.0
337,1,,,32000,4,"R$ 298.797,00",BYD,Seal (Elétrico),32000,095008-4,Elétrico,1,E,setembro de 2026 ,pmnpzr3yphj1g8,"terça-feira, 1 de setembro de 2026 04:01",298797.0
337,1,,,32000,4,"R$ 147.668,00",BYD,Dolphin EV GS (Elétrico),32000,095007-6,Elétrico,1,E,setembro de 2026 ,hxgmhkcs17j1g8,"terça-feira, 1 de setembro de 2026 04:01",147668.0
337,1,,,32000,4,"R$ 120.987,00",BYD,Dolphin Mini GS (Elétrico),32000,095010-6,Elétrico,1,E,setembro de 2026 ,gw5vjcf8y1j1g8,"terça-feira, 1 de setembro de 2026 04:01",120987.0
337,1,,,32000,6,"R$ 170.821,00",BYD,King GL 1.5 16V Aut. (Hibrido),32000,095012-2,Híbrido,1,H,setembro de 2026 ,jsl48p28vdj1hx,"terça-feira, 1 de setembro de 2026 04:01",170821.0
337,1,,,32000,6,"R$ 343.447,00",BYD,SHARK GS 1.5 16V 4x4 Aut. (Híbrido),32000,095016-5,Híbrido,1,H,setembro de 2026 ,q90lmx7vswj1hx,"terça-feira, 1 de setembro de 2026 04:01",343447.0
337,1,,,32000,6,"R$ 248.533,00",GWM,Haval H6 19 1.5 (Hibrido),32000,096008-0,Híbrido,1,H,setembro de 2026 ,mqqrqr4gt7j1hx,"terça-feira, 1 de setembro de 2026 04:01",248533.0
337,1,,,32000,3,"R$ 338.721,00",GWM,Haval H9 Exclusive TD480,32000,096012-8,Diesel,1,D,setembro de 2026 ,q4gtlfszz1j1gy,"terça-feira, 1 de setembro de 2026 04:02",338721.0
337,1,,,32000,6,"R$ 163.418,00",Omoda,5 Luxury 1.5 TB FWD,32000,302002-9,Híbrido,1,H,setembro de 2026 ,jhx2w3t0s9j1hx,"terça-feira, 1 de setembro de 2026 04:02",163418.0
337,1,,,32000,6,"R$ 254.440,00",Omoda,7 Luxury 1.5 TB FWD,32000,302004-5,Híbrido,1,H,setembro de 2026 ,mynggx1mj1j1hx,"terça-feira, 1 de setembro de 2026 04:02",254440.0
337,1,,,32000,4,"R$ 182.990,00",BYD,Yuan Pro (Elétrico),32000,095015-7,Elétrico,1,E,setembro de 2026 ,j7wgry95r6j1g8,"terça-feira, 1 de setembro de 2026 04:02",182990.0
337,1,,,32000,5,"R$ 127.652,00",Caoa Chery,Tiggo 5X SPORT 1.5 Turbo Flex Aut.,32000,093014-8,Flex,1,F,setembro de 2026 ,g4z3b04zkkj1hl,"terça-feira, 1 de setembro de 2026 04:02",127652.0
337,1,,,32000,5,"R$ 181.030,00",Nissan,KICKS Exclusive 1.0 Turbo Flex Aut.,32000,023196-7,Flex,1,F,setembro de 2026 ,j5k6980bd4j1hl,"terça-feira, 1 de setembro de 2026 04:02",181030.0
337,1,,,32000,5,"R$ 97.759,00",Peugeot,208 Style 1.0 Flex 6V 5p Mec.,32000,024265-9,Flex,1,F,setembro de 2026 ,ch9jwfc832ccz,"terça-feira, 1 de setembro de 2026 04:02",97759.0
