TabelaReferenciaCodigo,CodigoTipoVeiculo,CodigoMarca,CodigoModelo,AnoModeloParam,CodigoTipoCombustivelParam,Valor,Marca,Modelo,AnoModelo,CodigoFipe,Combustivel,TipoVeiculo,SiglaCombustivel,MesReferencia,Autenticacao,DataConsulta,ValorNum
333,1,,,2021,,"R$ 69.020,00",Fiat,Doblo ESSENCE 1.8 Flex 16V 5p,2021,001352-8,Flex,1,F,maio de 2026 ,5fk3z6psdlg6,"domingo, 3 de maio de 2026 18:05",69020.0
333,1,,,2021,,"R$ 44.512,00",Fiat,UNO ATTRACTIVE 1.0 Fire Flex 8V 5p,2021,001424-9,Flex,1,F,maio de 2026 ,v466nxp7xdg6,"domingo, 3 de maio de 2026 18:05",44512.0
333,1,,,2022,,"R$ 119.362,00",Fiat,Toro Volcano 2.0 16V 4x4 TB Diesel Aut.,2022,001453-2,Diesel,1,D,maio de 2026 ,gt8sjxmwggdm9,"domingo, 3 de maio de 2026 18:05",119362.0
333,1,,,2023,,"R$ 131.811,00",Fiat,Toro Volcano 2.0 16V 4x4 TB Diesel Aut.,2023,001453-2,Diesel,1,D,maio de 2026 ,g9v8jfbghrdrj,"domingo, 3 de maio de 2026 18:05",131811.0
333,1,,,2024,,"R$ 145.705,00",Fiat,Toro Volcano 2.0 16V 4x4 TB Diesel Aut.,2024,001453-2,Diesel,1,D,maio de 2026 ,ht48nyyy2vdvr,"domingo, 3 de maio de 2026 18:05",145705.0
333,1,,,2025,,"R$ 159.169,00",Fiat,Toro Volcano 2.0 16V 4x4 TB Diesel Aut.,2025,001453-2,Diesel,1,D,maio de 2026 ,jbym9t71b0dyz,"domingo, 3 de maio de 2026 18:05",159169.0
333,1,,,2021,,"R$ 46.632,00",Fiat,MOBI LIKE 1.0 Fire Flex 5p.,2021,001461-3,Flex,1,F,maio de 2026 ,wy2rwxfwpsg6,"domingo, 3 de maio de 2026 18:05",46632.0
333,1,,,2022,,"R$ 50.348,00",Fiat,MOBI LIKE 1.0 Fire Flex 5p.,2022,001461-3,Flex,1,F,maio de 2026 ,ycnd4ml2z4lf,"domingo, 3 de maio de 2026 18:05",50348.0
333,1,,,2023,,"R$ 53.592,00",Fiat,MOBI LIKE 1.0 Fire Flex 5p.,2023,001461-3,Flex,1,F,maio de 2026 ,zlph3d6d1cpn,"domingo, 3 de maio de 2026 18:05",53592.0
333,1,,,2024,,"R$ 56.411,00",Fiat,MOBI LIKE 1.0 Fire Flex 5p.,2024,001461-3,Flex,1,F,maio de 2026 ,0nq4b31n51sw,"domingo, 3 de maio de 2026 18:05",56411.0
333,1,,,2025,,"R$ 60.391,00",Fiat,MOBI LIKE 1.0 Fire Flex 5p.,2025,001461-3,Flex,1,F,maio de 2026 ,15dq7jzjzzw3,"domingo, 3 de maio de 2026 18:05",60391.0
333,1,,,32000,5,"R$ 73.384,00",Fiat,MOBI LIKE 1.0 Fire Flex 5p.,32000,001461-3,Flex,1,F,maio de 2026 ,62q9mqf7rfcz,"domingo, 3 de maio de 2026 18:05",73384.0
333,1,,,2021,,"R$ 103.035,00",Fiat,Toro Freedom 2.0 16V 4x4 TB Diesel Aut.,2021,001487-7,Diesel,1,D,maio de 2026 ,f64bz1p669dj2,"domingo, 3 de maio de 2026 18:05",103035.0
333,1,,,2022,,"R$ 111.479,00",Fiat,Toro Freedom 2.0 16V 4x4 TB Diesel Aut.,2022,001487-7,Diesel,1,D,maio de 2026 ,gj0795p0bhdm9,"domingo, 3 de maio de 2026 18:05",111479.0
333,1,,,2023,,"R$ 121.602,00",Fiat,Toro Freedom 2.0 16V 4x4 TB Diesel Aut.,2023,001487-7,Diesel,1,D,maio de 2026 ,gxw6gtqxx8drj,"domingo, 3 de maio de 2026 18:05",121602.0
333,1,,,2021,,"R$ 55.822,00",Fiat,ARGO DRIVE 1.0 6V Flex,2021,001494-0,Flex,1,F,maio de 2026 ,0ft1rsdycqg6,"domingo, 3 de maio de 2026 18:05",55822.0
333,1,,,2022,,"R$ 60.082,00",Fiat,ARGO DRIVE 1.0 6V Flex,2022,001494-0,Flex,1,F,maio de 2026 ,11sfkl20wtlf,"domingo, 3 de maio de 2026 18:05",60082.0
333,1,,,2023,,"R$ 64.827,00",Fiat,ARGO DRIVE 1.0 6V Flex,2023,001494-0,Flex,1,F,maio de 2026 ,3vd235yz24pn,"domingo, 3 de maio de 2026 18:05",64827.0
333,1,,,2024,,"R$ 68.498,00",Fiat,ARGO DRIVE 1.0 6V Flex,2024,001494-0,Flex,1,F,maio de 2026 ,47gdbnj2j7sw,"domingo, 3 de maio de 2026 18:05",68498.0
333,1,,,2025,,"R$ 71.950,00",Fiat,ARGO DRIVE 1.0 6V Flex,2025,001494-0,Flex,1,F,maio de 2026 ,6jx2ynymb0w3,"domingo, 3 de maio de 2026 18:05",71950.0
333,1,,,32000,5,"R$ 91.651,00",Fiat,ARGO DRIVE 1.0 6V Flex,32000,001494-0,Flex,1,F,maio de 2026 ,cfzxs35xb3dcz,"domingo, 3 de maio de 2026 18:05",91651.0
333,1,,,2019,,"R$ 134.206,00",Fiat,Ducato Cargo Médio 2.3 16V Diesel,2019,001498-2,Diesel,1,D,maio de 2026 ,hdn93d39ltdbm,"domingo, 3 de maio de 2026 18:05",134206.0
333,1,,,2022,,"R$ 66.490,00",Fiat,CRONOS DRIVE 1.3 8V Flex,2022,001505-9,Flex,1,F,maio de 2026 ,4gxj2nlsf0lf,"domingo, 3 de maio de 2026 18:05",66490.0
333,1,,,2023,,"R$ 73.482,00",Fiat,CRONOS DRIVE 1.3 8V Flex,2023,001505-9,Flex,1,F,maio de 2026 ,63wxvlbd6rpn,"domingo, 3 de maio de 2026 18:05",73482.0
333,1,,,2024,,"R$ 81.742,00",Fiat,CRONOS DRIVE 1.3 8V Flex,2024,001505-9,Flex,1,F,maio de 2026 ,97q5wqd9s0sw,"domingo, 3 de maio de 2026 18:05",81742.0
333,1,,,2025,,"R$ 85.885,00",Fiat,CRONOS DRIVE 1.3 8V Flex,2025,001505-9,Flex,1,F,maio de 2026 ,ccs91c3k8h7w3,"domingo, 3 de maio de 2026 18:05",85885.0
333,1,,,2022,,"R$ 65.637,00",Fiat,CRONOS 1.3 8V Flex,2022,001506-7,Flex,1,F,maio de 2026 ,34xhvlq2t5lf,"domingo, 3 de maio de 2026 18:05",65637.0
333,1,,,2022,,"R$ 91.694,00",Fiat,Toro Endurance 1.8 16V Flex Aut.,2022,001508-3,Flex,1,F,maio de 2026 ,cf0ffmvjv9glf,"domingo, 3 de maio de 2026 18:05",91694.0
333,1,,,2022,,"R$ 58.343,00",Fiat,ARGO 1.0 6V Flex,2022,001509-1,Flex,1,F,maio de 2026 ,1ddb8jwm0ddny,"domingo, 3 de maio de 2026 18:05",58343.0
333,1,,,2023,,"R$ 62.570,00",Fiat,ARGO 1.0 6V Flex,2023,001509-1,Flex,1,F,maio de 2026 ,2zyq7ngrt5dr5,"domingo, 3 de maio de 2026 18:05",62570.0
333,1,,,2024,,"R$ 65.889,00",Fiat,ARGO 1.0 6V Flex,2024,001509-1,Flex,1,F,maio de 2026 ,37v28jcmmhdwd,"domingo, 3 de maio de 2026 18:05",65889.0
333,1,,,2025,,"R$ 71.478,00",Fiat,ARGO 1.0 6V Flex,2025,001509-1,Flex,1,F,maio de 2026 ,6cdjnhzm0ydzm,"domingo, 3 de maio de 2026 18:05",71478.0
333,1,,,2024,,"R$ 83.448,00",Fiat,ARGO TREKKING 1.3 8V Flex,2024,001519-9,Flex,1,F,maio de 2026 ,cbwq8bvn2tmsw,"domingo, 3 de maio de 2026 18:05",83448.0
333,1,,,2025,,"R$ 87.090,00",Fiat,ARGO TREKKING 1.3 8V Flex,2025,001519-9,Flex,1,F,maio de 2026 ,cc8f0ssnlm1w3,"domingo, 3 de maio de 2026 18:05",87090.0
333,1,,,2021,,"R$ 97.170,00",Fiat,Toro Endurance 2.0 16V 4x4 Diesel Aut.,2021,001520-2,Diesel,1,D,maio de 2026 ,ch2mssln4g8gk,"domingo, 3 de maio de 2026 18:05",97170.0
333,1,,,2022,,"R$ 102.290,00",Fiat,Toro Endurance 2.0 16V 4x4 Diesel Aut.,2022,001520-2,Diesel,1,D,maio de 2026 ,f578km9k09dm9,"domingo, 3 de maio de 2026 18:05",102290.0
333,1,,,2021,,"R$ 67.068,00",Fiat,Strada Endurance 1.4 Flex 8V CS Plus,2021,001526-1,Flex,1,F,maio de 2026 ,4ppmqs9zhtg6,"domingo, 3 de maio de 2026 18:05",67068.0
333,1,,,2022,,"R$ 69.266,00",Fiat,Strada Endurance 1.4 Flex 8V CS Plus,2022,001526-1,Flex,1,F,maio de 2026 ,5jgjtq235blf,"domingo, 3 de maio de 2026 18:05",69266.0
333,1,,,2023,,"R$ 75.079,00",Fiat,Strada Endurance 1.4 Flex 8V CS Plus,2023,001526-1,Flex,1,F,maio de 2026 ,7qmc4nhxjxpn,"domingo, 3 de maio de 2026 18:05",75079.0
333,1,,,2024,,"R$ 91.225,00",Fiat,Strada Freedom 1.3 Flex 8V  CS Plus,2024,001527-0,Flex,1,F,maio de 2026 ,cftxy4t8v9csw,"domingo, 3 de maio de 2026 18:05",91225.0
333,1,,,2025,,"R$ 93.757,00",Fiat,Strada Freedom 1.3 Flex 8V  CS Plus,2025,001527-0,Flex,1,F,maio de 2026 ,cgsl8l2hzwrw3,"domingo, 3 de maio de 2026 18:05",93757.0
333,1,,,2023,,"R$ 96.864,00",Fiat,Strada Freedom 1.3 Flex 8V CD,2023,001530-0,Flex,1,F,maio de 2026 ,chy1kxj28w4pn,"domingo, 3 de maio de 2026 18:05",96864.0
333,1,,,2024,,"R$ 100.929,00",Fiat,Strada Freedom 1.3 Flex 8V CD,2024,001530-0,Flex,1,F,maio de 2026 ,f4ns1pndw5dwd,"domingo, 3 de maio de 2026 18:05",100929.0
333,1,,,2025,,"R$ 108.872,00",Fiat,Strada Freedom 1.3 Flex 8V CD,2025,001530-0,Flex,1,F,maio de 2026 ,gfzhv5mm3sdzm,"domingo, 3 de maio de 2026 18:05",108872.0
333,1,,,2021,,"R$ 74.117,00",Fiat,Fiorino Endurance EVO 1.4 Flex 8V 2p,2021,001531-8,Flex,1,F,maio de 2026 ,7cbqrh6rqpg6,"domingo, 3 de maio de 2026 18:05",74117.0
333,1,,,2022,,"R$ 78.718,00",Fiat,Fiorino Endurance EVO 1.4 Flex 8V 2p,2022,001531-8,Flex,1,F,maio de 2026 ,8281sp6q0slf,"domingo, 3 de maio de 2026 18:05",78718.0
333,1,,,2023,,"R$ 83.147,00",Fiat,Fiorino Endurance EVO 1.4 Flex 8V 2p,2023,001531-8,Flex,1,F,maio de 2026 ,cbr6vs8vz04pn,"domingo, 3 de maio de 2026 18:05",83147.0
333,1,,,2024,,"R$ 89.686,00",Fiat,Fiorino Endurance EVO 1.4 Flex 8V 2p,2024,001531-8,Flex,1,F,maio de 2026 ,cd7wlcwcvjtsw,"domingo, 3 de maio de 2026 18:05",89686.0
333,1,,,2025,,"R$ 98.589,00",Fiat,Fiorino Endurance EVO 1.4 Flex 8V 2p,2025,001531-8,Flex,1,F,maio de 2026 ,cjl8kf78hdsw3,"domingo, 3 de maio de 2026 18:05",98589.0
333,1,,,2024,,"R$ 124.570,00",Fiat,Toro Freedom 1.3 T270 4x2 Flex Aut.,2024,001538-5,Flex,1,F,maio de 2026 ,g1c2pdwnvgdwd,"domingo, 3 de maio de 2026 18:05",124570.0
333,1,,,2025,,"R$ 67.280,00",Fiat,MOBI TREKKING 1.0 Flex 5p.,2025,001536-9,Flex,1,F,maio de 2026 ,4r5pf6rk4qw3,"domingo, 3 de maio de 2026 18:05",67280.0
333,1,,,2022,,"R$ 100.054,00",Fiat,Toro Endurance 1.3 T270 4x2 Flex Aut.,2022,001537-7,Flex,1,F,maio de 2026 ,f3mz4ft13tdny,"domingo, 3 de maio de 2026 18:05",100054.0
333,1,,,2025,,"R$ 131.812,00",Fiat,Toro Freedom 1.3 T270 4x2 Flex Aut.,2025,001538-5,Flex,1,F,maio de 2026 ,g9v9nccdw8dzm,"domingo, 3 de maio de 2026 18:05",131812.0
333,1,,,2024,,"R$ 116.864,00",Fiat,Toro Endurance 1.3 T270 4x2 Flex Aut.,2024,001537-7,Flex,1,F,maio de 2026 ,grbzw6f6nydwd,"domingo, 3 de maio de 2026 18:05",116864.0
333,1,,,32000,5,"R$ 168.605,00",Fiat,Toro Freedom 1.3 T270 4x2 Flex Aut.,32000,001538-5,Flex,1,F,maio de 2026 ,jp0mczctnlcz,"domingo, 3 de maio de 2026 18:05",168605.0
333,1,,,2024,,"R$ 137.356,00",Fiat,Toro Volcano 1.3 T270 4x2 Flex Aut.,2024,001539-3,Flex,1,F,maio de 2026 ,hjctc4chrxdwd,"domingo, 3 de maio de 2026 18:05",137356.0
333,1,,,2023,,"R$ 113.590,00",Fiat,Toro Freedom 1.3 T270 4x2 Flex Aut.,2023,001538-5,Flex,1,F,maio de 2026 ,gmhzw7mfscdr5,"domingo, 3 de maio de 2026 18:05",113590.0
333,1,,,2025,,"R$ 148.235,00",Fiat,Toro Volcano 1.3 T270 4x2 Flex Aut.,2025,001539-3,Flex,1,F,maio de 2026 ,hx37cfk2gwdzm,"domingo, 3 de maio de 2026 18:05",148235.0
333,1,,,2022,,"R$ 125.793,00",Fiat,500e ICON (Elétrico),2022,001541-5,Elétrico,1,E,maio de 2026 ,g2tjp3gwh0dnm,"domingo, 3 de maio de 2026 18:05",125793.0
333,1,,,2022,,"R$ 57.025,00",Fiat,MOBI TREKKING 1.0 Flex 5p.,2022,001536-9,Flex,1,F,maio de 2026 ,0wx9mw2jbplf,"domingo, 3 de maio de 2026 18:05",57025.0
333,1,,,2022,,"R$ 88.033,00",Fiat,PULSE AUDACE 1.0 Turbo 200 Flex Aut.,2022,001542-3,Flex,1,F,maio de 2026 ,cdmhr3cqknllf,"domingo, 3 de maio de 2026 18:05",88033.0
333,1,,,2023,,"R$ 94.036,00",Fiat,PULSE AUDACE 1.0 Turbo 200 Flex Aut.,2023,001542-3,Flex,1,F,maio de 2026 ,cgwwn76p91tpn,"domingo, 3 de maio de 2026 18:05",94036.0
333,1,,,2024,,"R$ 99.493,00",Fiat,PULSE AUDACE 1.0 Turbo 200 Flex Aut.,2024,001542-3,Flex,1,F,maio de 2026 ,cjyv4bbyhpzsw,"domingo, 3 de maio de 2026 18:05",99493.0
333,1,,,2025,,"R$ 105.166,00",Fiat,PULSE AUDACE 1.0 Turbo 200 Flex Aut.,2025,001542-3,Flex,1,F,maio de 2026 ,f9ms3pwvxldzm,"domingo, 3 de maio de 2026 18:05",105166.0
333,1,,,2022,,"R$ 105.016,00",Fiat,Toro Freedom 1.3 T270 4x2 Flex Aut.,2022,001538-5,Flex,1,F,maio de 2026 ,f9gb280m72dny,"domingo, 3 de maio de 2026 18:05",105016.0
333,1,,,2023,,"R$ 88.590,00",Fiat,PULSE DRIVE 1.3 8V Flex Aut.,2023,001544-0,Flex,1,F,maio de 2026 ,cdt0639vjcypn,"domingo, 3 de maio de 2026 18:05",88590.0
333,1,,,2025,,"R$ 97.919,00",Fiat,PULSE DRIVE 1.3 8V Flex Aut.,2025,001544-0,Flex,1,F,maio de 2026 ,cjcd052l2dmw3,"domingo, 3 de maio de 2026 18:05",97919.0
333,1,,,2024,,"R$ 109.588,00",Fiat,PULSE IMPETUS 1.0 TURBO 200 Flex Aut.,2024,001546-6,Flex,1,F,maio de 2026 ,ggtjmncp4tdwd,"domingo, 3 de maio de 2026 18:05",109588.0
333,1,,,2022,,"R$ 106.760,00",Fiat,Strada Volcano 1.3 Flex 8V CD Aut.,2022,001549-0,Flex,1,F,maio de 2026 ,gchq46wkw4dny,"domingo, 3 de maio de 2026 18:05",106760.0
333,1,,,2023,,"R$ 63.954,00",Fiat,CRONOS DRIVE 1.0 6V Flex,2023,001553-9,Flex,1,F,maio de 2026 ,3h5sj9tbdnpn,"domingo, 3 de maio de 2026 18:05",63954.0
333,1,,,2024,,"R$ 74.984,00",Fiat,CRONOS DRIVE 1.0 6V Flex,2024,001553-9,Flex,1,F,maio de 2026 ,7phvqqny7psw,"domingo, 3 de maio de 2026 18:05",74984.0
333,1,,,2024,,"R$ 92.660,00",Fiat,PULSE DRIVE 1.3 8V Flex Aut.,2024,001544-0,Flex,1,F,maio de 2026 ,cgcrj26ymwdsw,"domingo, 3 de maio de 2026 18:05",92660.0
333,1,,,2025,,"R$ 78.982,00",Fiat,CRONOS DRIVE 1.0 6V Flex,2025,001553-9,Flex,1,F,maio de 2026 ,86c0fft2sjw3,"domingo, 3 de maio de 2026 18:05",78982.0
333,1,,,2023,,"R$ 80.456,00",Fiat,CRONOS DRIVE 1.3 8V Flex Aut.,2023,001554-7,Flex,1,F,maio de 2026 ,9rnrs8rwwjpn,"domingo, 3 de maio de 2026 18:05",80456.0
333,1,,,2024,,"R$ 82.549,00",Fiat,CRONOS DRIVE 1.3 8V Flex Aut.,2024,001554-7,Flex,1,F,maio de 2026 ,cbj6hs9h2w3sw,"domingo, 3 de maio de 2026 18:05",82549.0
333,1,,,2025,,"R$ 94.262,00",Fiat,CRONOS DRIVE 1.3 8V Flex Aut.,2025,001554-7,Flex,1,F,maio de 2026 ,cgzjtqq4cj9w3,"domingo, 3 de maio de 2026 18:05",94262.0
333,1,,,2023,,"R$ 83.807,00",Fiat,CRONOS PRECISION 1.3 8V Flex Aut.,2023,001555-5,Flex,1,F,maio de 2026 ,cb0yrc7yd13dr5,"domingo, 3 de maio de 2026 18:05",83807.0
333,1,,,2024,,"R$ 61.540,00",Fiat,MOBI TREKKING 1.0 Flex 5p.,2024,001536-9,Flex,1,F,maio de 2026 ,2lwcnsdmzxsw,"domingo, 3 de maio de 2026 18:05",61540.0
333,1,,,32000,5,"R$ 113.863,00",Fiat,CRONOS DRIVE 1.3 8V Flex Aut.,32000,001554-7,Flex,1,F,maio de 2026 ,gmtxhzgjpncz,"domingo, 3 de maio de 2026 18:05",113863.0
333,1,,,2024,,"R$ 86.011,00",Fiat,CRONOS PRECISION 1.3 8V Flex Aut.,2024,001555-5,Flex,1,F,maio de 2026 ,ccvst2ygm9ldwd,"domingo, 3 de maio de 2026 18:05",86011.0
333,1,,,2023,,"R$ 112.066,00",Fiat,Fastback Limited Ed.1.3 270 T.Flex Aut.,2023,001556-3,Flex,1,F,maio de 2026 ,gkqlqrlf1fdr5,"domingo, 3 de maio de 2026 18:05",112066.0
333,1,,,2024,,"R$ 121.173,00",Fiat,Fastback Limited Ed.1.3 270 T.Flex Aut.,2024,001556-3,Flex,1,F,maio de 2026 ,gxdl226pptdwd,"domingo, 3 de maio de 2026 18:05",121173.0
333,1,,,2023,,"R$ 108.618,00",Fiat,Fastback Impetus 1.0 200 T. Flex Aut,2023,001557-1,Flex,1,F,maio de 2026 ,gfn8n2djnhdr5,"domingo, 3 de maio de 2026 18:05",108618.0
333,1,,,2024,,"R$ 117.509,00",Fiat,Fastback Impetus 1.0 200 T. Flex Aut,2024,001557-1,Flex,1,F,maio de 2026 ,gr3fnnjwfddwd,"domingo, 3 de maio de 2026 18:05",117509.0
333,1,,,2023,,"R$ 104.151,00",Fiat,Fastback Audace 1.0 200 T. Flex Aut,2023,001558-0,Flex,1,F,maio de 2026 ,f8fxf9cc4mdr5,"domingo, 3 de maio de 2026 18:05",104151.0
333,1,,,2025,,"R$ 122.562,00",Fiat,Fastback Impetus 1.0 200 T. Flex Aut,2025,001557-1,Flex,1,F,maio de 2026 ,gy0242m8kddzm,"domingo, 3 de maio de 2026 18:05",122562.0
333,1,,,2024,,"R$ 110.190,00",Fiat,Fastback Audace 1.0 200 T. Flex Aut,2024,001558-0,Flex,1,F,maio de 2026 ,ghjdx4hxfjdwd,"domingo, 3 de maio de 2026 18:05",110190.0
333,1,,,2025,,"R$ 115.103,00",Fiat,Fastback Audace 1.0 200 T. Flex Aut,2025,001558-0,Flex,1,F,maio de 2026 ,gn8zpfwfv8dzm,"domingo, 3 de maio de 2026 18:05",115103.0
333,1,,,2025,,"R$ 85.814,00",Fiat,ARGO DRIVE 1.3 8V Flex Aut.,2025,001561-0,Flex,1,F,maio de 2026 ,ccsg7cy0q7cdzm,"domingo, 3 de maio de 2026 18:05",85814.0
333,1,,,32000,5,"R$ 121.008,00",Fiat,Fastback 1.0 200 Turbo Flex Aut,32000,001568-7,Flex,1,F,maio de 2026 ,gw6l5q5fmpj1hl,"domingo, 3 de maio de 2026 18:05",121008.0
333,1,,,2024,,"R$ 78.568,00",Fiat,Strada Endurance 1.3 Flex 8V CS Plus,2024,001569-5,Flex,1,F,maio de 2026 ,81jjm8t96kdwd,"domingo, 3 de maio de 2026 18:05",78568.0
333,1,,,2025,,"R$ 86.869,00",Fiat,Strada Endurance 1.3 Flex 8V CS Plus,2025,001569-5,Flex,1,F,maio de 2026 ,cc5vpng0ylfdzm,"domingo, 3 de maio de 2026 18:05",86869.0
333,1,,,32000,5,"R$ 110.530,00",Fiat,Strada Endurance 1.3 Flex 8V CS Plus,32000,001569-5,Flex,1,F,maio de 2026 ,ghxr04q1v6j1hl,"domingo, 3 de maio de 2026 18:06",110530.0
333,1,,,2025,,"R$ 120.507,00",Fiat,Fastback Audace 200 TB Aut (Hibrído),2025,001578-4,Híbrido,1,H,maio de 2026 ,gwmdn2410ydzy,"domingo, 3 de maio de 2026 18:06",120507.0
333,1,,,32000,5,"R$ 120.865,00",Fiat,Fiorino Endurance 1.3 Flex 8V 2p,32000,001589-0,Flex,1,F,maio de 2026 ,gw1d1tz67jj1hl,"domingo, 3 de maio de 2026 18:06",120865.0
333,1,,,32000,5,"R$ 117.850,00",Fiat,PULSE 1.0 Turbo 200  Flex Aut.,32000,001592-0,Flex,1,F,maio de 2026 ,gshtwllbq9j1hl,"domingo, 3 de maio de 2026 18:06",117850.0
333,1,,,2023,,"R$ 170.521,00",Toyota,Hilux CD 4x4 2.8 Diesel Mec.,2023,002015-0,Diesel,1,D,maio de 2026 ,jr777q5dkbdrj,"domingo, 3 de maio de 2026 18:06",170521.0
333,1,,,2024,,"R$ 190.625,00",Toyota,Hilux CD 4x4 2.8 Diesel Mec.,2024,002015-0,Diesel,1,D,maio de 2026 ,kjtzj1v0mldvr,"domingo, 3 de maio de 2026 18:06",190625.0
333,1,,,2022,,"R$ 122.836,00",Toyota,Corolla XEi 2.0 Flex 16V Aut.,2022,002111-3,Flex,1,F,maio de 2026 ,gzb1wrpxyjdny,"domingo, 3 de maio de 2026 18:06",122836.0
333,1,,,2023,,"R$ 127.687,00",Toyota,Corolla XEi 2.0 Flex 16V Aut.,2023,002111-3,Flex,1,F,maio de 2026 ,g41csfp0b8dr5,"domingo, 3 de maio de 2026 18:06",127687.0
333,1,,,2021,,"R$ 130.434,00",Toyota,Corolla ALTIS/A.Premiu. 2.0 Flex 16V Aut,2021,002112-1,Flex,1,F,maio de 2026 ,g776zlt6t7dkq,"domingo, 3 de maio de 2026 18:06",130434.0
333,1,,,2024,,"R$ 142.651,00",Toyota,Corolla XEi 2.0 Flex 16V Aut.,2024,002111-3,Flex,1,F,maio de 2026 ,hqk8kgl43mdwd,"domingo, 3 de maio de 2026 18:06",142651.0
333,1,,,2023,,"R$ 143.392,00",Toyota,Corolla ALTIS/A.Premiu. 2.0 Flex 16V Aut,2023,002112-1,Flex,1,F,maio de 2026 ,hrf6g51tk7dr5,"domingo, 3 de maio de 2026 18:06",143392.0
333,1,,,32000,5,"R$ 173.784,00",Toyota,Corolla XEi 2.0 Flex 16V Aut.,32000,002111-3,Flex,1,F,maio de 2026 ,jw2vvhc1vncz,"domingo, 3 de maio de 2026 18:06",173784.0
333,1,,,32000,3,"R$ 308.904,00",Toyota,Hilux CD SR 4x4 2.8 TDI Diesel Aut.,32000,002142-3,Diesel,1,D,maio de 2026 ,p0h13fhv58cb,"domingo, 3 de maio de 2026 18:06",308904.0
333,1,,,2023,,"R$ 118.273,00",Toyota,Corolla GLi 2.0 16V Flex Aut.,2023,002181-4,Flex,1,F,maio de 2026 ,gsz6hr180hdr5,"domingo, 3 de maio de 2026 18:06",118273.0
333,1,,,2024,,"R$ 90.109,00",Toyota,YARIS XL Sedan 1.5 Flex 16V 4p Aut.,2024,002168-7,Flex,1,F,maio de 2026 ,cfdvbkby84bsw,"domingo, 3 de maio de 2026 18:06",90109.0
333,1,,,2024,,"R$ 163.266,00",Toyota,Corolla ALTIS/A.Premiu. 2.0 Flex 16V Aut,2024,002112-1,Flex,1,F,maio de 2026 ,jhrkmqwylsdwd,"domingo, 3 de maio de 2026 18:06",163266.0
333,1,,,2024,,"R$ 218.172,00",Toyota,Hilux CD SR 4x4 2.8 TDI Diesel Aut.,2024,002142-3,Diesel,1,D,maio de 2026 ,lk3684wt3gdvr,"domingo, 3 de maio de 2026 18:06",218172.0
333,1,,,2024,,"R$ 125.723,00",Toyota,Corolla GLi 2.0 16V Flex Aut.,2024,002181-4,Flex,1,F,maio de 2026 ,g2qzt1jf4ndwd,"domingo, 3 de maio de 2026 18:06",125723.0
333,1,,,2023,,"R$ 85.023,00",Toyota,YARIS XL Sedan 1.5 Flex 16V 4p Aut.,2023,002168-7,Flex,1,F,maio de 2026 ,ccg6qrdsd40pn,"domingo, 3 de maio de 2026 18:06",85023.0
333,1,,,2024,,"R$ 165.584,00",Toyota,Corolla Altis Prem. 1.8 Aut. (Híbrido),2024,002183-0,Híbrido,1,H,maio de 2026 ,jlgtf44fhvdwq,"domingo, 3 de maio de 2026 18:06",165584.0
333,1,,,2023,,"R$ 146.480,00",Toyota,Corolla Cross XRV 1.8 16V Aut. (Híbrido),2023,002200-4,Híbrido,1,H,maio de 2026 ,hv2fw8vjvydsh,"domingo, 3 de maio de 2026 18:06",146480.0
333,1,,,2025,,"R$ 97.403,00",Toyota,YARIS XL Sedan 1.5 Flex 16V 4p Aut.,2025,002168-7,Flex,1,F,maio de 2026 ,ch5cg345sdsw3,"domingo, 3 de maio de 2026 18:06",97403.0
333,1,,,2025,,"R$ 176.606,00",Toyota,Corolla Cross XRV 1.8 16V Aut. (Híbrido),2025,002200-4,Híbrido,1,H,maio de 2026 ,j0dfkcjd5vdzy,"domingo, 3 de maio de 2026 18:06",176606.0
333,1,,,2024,,"R$ 162.223,00",Toyota,Corolla Cross XRV 1.8 16V Aut. (Híbrido),2024,002200-4,Híbrido,1,H,maio de 2026 ,jgjnfbmlfcdwq,"domingo, 3 de maio de 2026 18:06",162223.0
333,1,,,2022,,"R$ 125.092,00",Toyota,Corolla Cross XR 2.0 16V Flex Aut.,2022,002201-2,Flex,1,F,maio de 2026 ,g1z1vkyjdqdny,"domingo, 3 de maio de 2026 18:06",125092.0
333,1,,,2023,,"R$ 142.208,00",Toyota,Corolla Altis 1.8 16V Aut. (Híbrido),2023,002182-2,Híbrido,1,H,maio de 2026 ,hp15dq7dsldsh,"domingo, 3 de maio de 2026 18:06",142208.0
333,1,,,2023,,"R$ 131.412,00",Toyota,Corolla Cross XR 2.0 16V Flex Aut.,2023,002201-2,Flex,1,F,maio de 2026 ,g9drylcysndr5,"domingo, 3 de maio de 2026 18:06",131412.0
333,1,,,2025,,"R$ 165.639,00",Toyota,Corolla Cross XRE 2.0 16V Flex Aut.,2025,002203-9,Flex,1,F,maio de 2026 ,jljtd8rcwfdzm,"domingo, 3 de maio de 2026 18:06",165639.0
333,1,,,2024,,"R$ 149.817,00",Toyota,Corolla Cross XRE 2.0 16V Flex Aut.,2024,002203-9,Flex,1,F,maio de 2026 ,hzzqwssqx7dwd,"domingo, 3 de maio de 2026 18:06",149817.0
333,1,,,2022,,"R$ 139.036,00",Toyota,Corolla Cross XRV 1.8 16V Aut. (Híbrido),2022,002200-4,Híbrido,1,H,maio de 2026 ,hlbwbk8g2wdn8,"domingo, 3 de maio de 2026 18:06",139036.0
333,1,,,2025,,"R$ 190.481,00",Toyota,Corolla Cross XRX 1.8 16V Aut. (Híbrido),2025,002204-7,Híbrido,1,H,maio de 2026 ,kjnq87qd2cdzy,"domingo, 3 de maio de 2026 18:06",190481.0
333,1,,,2023,,"R$ 84.694,00",Toyota,YARIS XL 1.5 Flex 16V 5p Aut.,2023,002207-1,Flex,1,F,maio de 2026 ,cccb4qmfgwypn,"domingo, 3 de maio de 2026 18:06",84694.0
333,1,,,2024,,"R$ 89.868,00",Toyota,YARIS XL 1.5 Flex 16V 5p Aut.,2024,002207-1,Flex,1,F,maio de 2026 ,cd90q2gjw1gsw,"domingo, 3 de maio de 2026 18:06",89868.0
333,1,,,2025,,"R$ 96.004,00",Toyota,YARIS XL 1.5 Flex 16V 5p Aut.,2025,002207-1,Flex,1,F,maio de 2026 ,chmyztf1bf4w3,"domingo, 3 de maio de 2026 18:06",96004.0
333,1,,,32000,5,"R$ 111.608,00",Toyota,YARIS XL 1.5 Flex 16V 5p Aut.,32000,002207-1,Flex,1,F,maio de 2026 ,gj5yn3f3b5cz,"domingo, 3 de maio de 2026 18:06",111608.0
333,1,,,2024,,"R$ 234.962,00",Toyota,Hilux CD 4x4 2.8  Diesel Aut.,2024,002218-7,Diesel,1,D,maio de 2026 ,l6thh9k5dkdvr,"domingo, 3 de maio de 2026 18:06",234962.0
333,1,,,2023,,"R$ 171.919,00",Ford,Ranger XLT 3.2 20V 4x4 CD Diesel Aut.,2023,003363-4,Diesel,1,D,maio de 2026 ,jtw2f3btw9drj,"domingo, 3 de maio de 2026 18:06",171919.0
333,1,,,2023,,"R$ 157.107,00",Ford,Ranger XLS 2.2 4x4 CD Diesel Aut.,2023,003421-5,Diesel,1,D,maio de 2026 ,h8jpyb2h6tdrj,"domingo, 3 de maio de 2026 18:06",157107.0
333,1,,,2023,,"R$ 153.294,00",Ford,Ranger XL 2.2 4x4 CD Diesel Mec.,2023,003426-6,Diesel,1,D,maio de 2026 ,h313mfchxydrj,"domingo, 3 de maio de 2026 18:06",153294.0
333,1,,,2023,,"R$ 152.434,00",Ford,Ranger XL 2.2 4x4 CS Diesel Mec.,2023,003433-9,Diesel,1,D,maio de 2026 ,h21vl3p9gwdrj,"domingo, 3 de maio de 2026 18:06",152434.0
333,1,,,2024,,"R$ 138.980,00",Toyota,Corolla Cross XR 2.0 16V Flex Aut.,2024,002201-2,Flex,1,F,maio de 2026 ,hk8t7jpxmqdwd,"domingo, 3 de maio de 2026 18:06",138980.0
333,1,,,2019,,"R$ 45.927,00",Ford,Ka 1.5 Sedan SE 12V Flex 4p Mec.,2019,003463-0,Flex,1,F,maio de 2026 ,wpth8fxztl90,"domingo, 3 de maio de 2026 18:06",45927.0
333,1,,,2023,,"R$ 137.921,00",Toyota,Corolla Cross XRE 2.0 16V Flex Aut.,2023,002203-9,Flex,1,F,maio de 2026 ,hj1bz8b9kcdr5,"domingo, 3 de maio de 2026 18:06",137921.0
333,1,,,2020,,"R$ 47.845,00",Ford,Ka 1.5 Sedan SE 12V Flex 4p Mec.,2020,003463-0,Flex,1,F,maio de 2026 ,xd9nfyyxrzcz,"domingo, 3 de maio de 2026 18:07",47845.0
333,1,,,2021,,"R$ 58.349,00",Ford,Ka 1.5 Sedan SE Plus 12V Flex 4p Aut.,2021,003465-7,Flex,1,F,maio de 2026 ,1dgjwkjy5fg6,"domingo, 3 de maio de 2026 18:07",58349.0
333,1,,,2025,,"R$ 176.303,00",Ford,TERRITORY Titanium 1.5 GTDi EcoBo. Aut.,2025,003478-9,Gasolina,1,G,maio de 2026 ,jz1d4q8pkvdyb,"domingo, 3 de maio de 2026 18:07",176303.0
333,1,,,2022,,"R$ 163.417,00",Ford,Bronco Sport Wildtrak 2.0 Tb 16V AWD Aut,2022,003481-9,Gasolina,1,G,maio de 2026 ,jhx1r2lb21dmn,"domingo, 3 de maio de 2026 18:07",163417.0
333,1,,,2023,,"R$ 179.328,00",Ford,Bronco Sport Wildtrak 2.0 Tb 16V AWD Aut,2023,003481-9,Gasolina,1,G,maio de 2026 ,j3lck8vfn5dqw,"domingo, 3 de maio de 2026 18:07",179328.0
333,1,,,32000,5,"R$ 191.400,00",Toyota,Corolla Cross XRE 2.0 16V Flex Aut.,32000,002203-9,Flex,1,F,maio de 2026 ,kkq4sc7ystcz,"domingo, 3 de maio de 2026 18:07",191400.0
333,1,,,2024,,"R$ 168.249,00",Toyota,Corolla Cross XRX 1.8 16V Aut. (Híbrido),2024,002204-7,Híbrido,1,H,maio de 2026 ,jpln726qcsdwq,"domingo, 3 de maio de 2026 18:07",168249.0
333,1,,,2022,,"R$ 197.541,00",Ford,TRANSIT Minibus Vidrada 2.0 16V Diesel,2022,003482-7,Diesel,1,D,maio de 2026 ,ksyb509d2ldm9,"domingo, 3 de maio de 2026 18:07",197541.0
333,1,,,32000,3,"R$ 249.326,00",Ford,Ranger XL 2.0 4x4 CD Diesel Mec. ,32000,003502-5,Diesel,1,D,maio de 2026 ,mrnk7n1c56j1gy,"domingo, 3 de maio de 2026 18:07",249326.0
333,1,,,2024,,"R$ 182.202,00",GM - Chevrolet,S10 Pick-Up LT 2.8 TDI 4x4 CD Diesel Aut,2024,004395-8,Diesel,1,D,maio de 2026 ,j6ytwgbcswdvr,"domingo, 3 de maio de 2026 18:07",182202.0
333,1,,,2023,,"R$ 161.578,00",GM - Chevrolet,S10 Pick-Up LT 2.8 TDI 4x4 CD Diesel Aut,2023,004395-8,Diesel,1,D,maio de 2026 ,jfr6nt5p07drj,"domingo, 3 de maio de 2026 18:07",161578.0
333,1,,,2024,,"R$ 198.059,00",GM - Chevrolet,S10 Pick-Up LTZ 2.8 TDI 4x4 CD Dies.Aut,2024,004397-4,Diesel,1,D,maio de 2026 ,ktj5vgqhgtdvr,"domingo, 3 de maio de 2026 18:07",198059.0
333,1,,,2022,,"R$ 172.313,00",GM - Chevrolet,S10 Pick-Up LTZ 2.8 TDI 4x4 CD Dies.Aut,2022,004397-4,Diesel,1,D,maio de 2026 ,jvcdc9dpgkdm9,"domingo, 3 de maio de 2026 18:07",172313.0
333,1,,,2023,,"R$ 143.352,00",GM - Chevrolet,S10 Pick-Up LS 2.8 TDI 4x4 CD Dies. Mec.,2023,004413-0,Diesel,1,D,maio de 2026 ,hrdrdz6pm7drj,"domingo, 3 de maio de 2026 18:07",143352.0
333,1,,,2024,,"R$ 172.210,00",GM - Chevrolet,S10 Pick-Up LS 2.8 TDI 4x4 CD Dies. Mec.,2024,004413-0,Diesel,1,D,maio de 2026 ,jt7nbkrbzpdvr,"domingo, 3 de maio de 2026 18:07",172210.0
333,1,,,2020,,"R$ 196.829,00",Toyota,Hilux SW4 SRV 4x2 2.7 Flex 16V Aut.,2020,002160-1,Flex,1,F,maio de 2026 ,kr3gx8pqk4dgh,"domingo, 3 de maio de 2026 18:07",196829.0
333,1,,,2025,,"R$ 114.216,00",GM - Chevrolet,SPIN LTZ 1.8 8V Econo.Flex 5p Aut.,2025,004417-2,Flex,1,F,maio de 2026 ,gm7q71tps6dzm,"domingo, 3 de maio de 2026 18:07",114216.0
333,1,,,2023,,"R$ 103.205,00",GM - Chevrolet,CRUZE LT 1.4 16V Turbo Flex 4p Aut.,2023,004470-9,Flex,1,F,maio de 2026 ,f7bjj2jtnrdr5,"domingo, 3 de maio de 2026 18:07",103205.0
333,1,,,2022,,"R$ 130.537,00",GM - Chevrolet,S10 Pick-Up LS 2.8 TDI 4x4 CD Dies. Mec.,2022,004413-0,Diesel,1,D,maio de 2026 ,g8cy095hr1dm9,"domingo, 3 de maio de 2026 18:07",130537.0
333,1,,,2022,,"R$ 134.514,00",GM - Chevrolet,S10 Pick-Up Advantage 2.5 Flex 4x2 CD,2022,004474-1,Flex,1,F,maio de 2026 ,hd1h4n9s69dny,"domingo, 3 de maio de 2026 18:07",134514.0
333,1,,,2022,,"R$ 80.518,00",GM - Chevrolet,SPIN PREMIER 1.8 8V Econo.Flex 5p Aut.,2022,004494-6,Flex,1,F,maio de 2026 ,9sc9dg1tg9lf,"domingo, 3 de maio de 2026 18:07",80518.0
333,1,,,2024,,"R$ 78.710,00",GM - Chevrolet,SPIN LS 1.8 8V Econo.Flex 5p Mec.,2024,004435-0,Flex,1,F,maio de 2026 ,8254m7855psw,"domingo, 3 de maio de 2026 18:07",78710.0
333,1,,,2024,,"R$ 162.160,00",Toyota,Corolla Altis 1.8 16V Aut. (Híbrido),2024,002182-2,Híbrido,1,H,maio de 2026 ,jggcfsfygddwq,"domingo, 3 de maio de 2026 18:07",162160.0
333,1,,,2020,,"R$ 90.112,00",GM - Chevrolet,CRUZE LT 1.4 16V Turbo Flex 4p Aut.,2020,004470-9,Flex,1,F,maio de 2026 ,cfdwfb6jvqtcz,"domingo, 3 de maio de 2026 18:07",90112.0
333,1,,,2023,,"R$ 91.308,00",GM - Chevrolet,SPIN PREMIER 1.8 8V Econo.Flex 5p Aut.,2023,004494-6,Flex,1,F,maio de 2026 ,cfvw4b7334mpn,"domingo, 3 de maio de 2026 18:07",91308.0
333,1,,,2024,,"R$ 98.924,00",GM - Chevrolet,SPIN PREMIER 1.8 8V Econo.Flex 5p Aut.,2024,004494-6,Flex,1,F,maio de 2026 ,cjq592t9d50sw,"domingo, 3 de maio de 2026 18:07",98924.0
333,1,,,2025,,"R$ 124.576,00",GM - Chevrolet,SPIN PREMIER 1.8 8V Econo.Flex 5p Aut.,2025,004494-6,Flex,1,F,maio de 2026 ,g1c9fzn2m7dzm,"domingo, 3 de maio de 2026 18:07",124576.0
333,1,,,32000,5,"R$ 160.737,00",GM - Chevrolet,SPIN PREMIER 1.8 8V Econo.Flex 5p Aut.,32000,004494-6,Flex,1,F,maio de 2026 ,jdsm157rcccz,"domingo, 3 de maio de 2026 18:07",160737.0
333,1,,,2023,,"R$ 214.584,00",GM - Chevrolet,TRAILBLAZER PREMIER 2.8 TB Diesel Aut.,2023,004498-9,Diesel,1,D,maio de 2026 ,lfxthb3kpmdrj,"domingo, 3 de maio de 2026 18:07",214584.0
333,1,,,2022,,"R$ 99.465,00",GM - Chevrolet,CRUZE LT 1.4 16V Turbo Flex 4p Aut.,2022,004470-9,Flex,1,F,maio de 2026 ,cjyjyt08q2clf,"domingo, 3 de maio de 2026 18:07",99465.0
333,1,,,2024,,"R$ 78.145,00",GM - Chevrolet,ONIX SEDAN Plus LT 1.0 12V TB Flex Mec.,2024,004500-4,Flex,1,F,maio de 2026 ,8wksg1px7dsw,"domingo, 3 de maio de 2026 18:07",78145.0
333,1,,,2025,,"R$ 84.652,00",GM - Chevrolet,ONIX SEDAN Plus LT 1.0 12V TB Flex Mec.,2025,004500-4,Flex,1,F,maio de 2026 ,ccbvwg67n9xw3,"domingo, 3 de maio de 2026 18:07",84652.0
333,1,,,2020,,"R$ 65.121,00",GM - Chevrolet,ONIX SEDAN Plus LT 1.0 12V TB Flex Aut.,2020,004501-2,Flex,1,F,maio de 2026 ,3yvysrcydhcz,"domingo, 3 de maio de 2026 18:07",65121.0
333,1,,,2024,3,"R$ 199.241,00",Toyota,Hilux Chassi 4x4 2.8 TDI Diesel Mec.,2024,002145-8,Diesel,1,D,maio de 2026 ,kvx4n14w99dvr,"domingo, 3 de maio de 2026 18:07",199241.0
333,1,,,2023,,"R$ 75.689,00",GM - Chevrolet,ONIX SEDAN Plus LT 1.0 12V TB Flex Aut.,2023,004501-2,Flex,1,F,maio de 2026 ,7yr3b5w5l0pn,"domingo, 3 de maio de 2026 18:07",75689.0
333,1,,,2024,,"R$ 82.400,00",GM - Chevrolet,ONIX SEDAN Plus LT 1.0 12V TB Flex Aut.,2024,004501-2,Flex,1,F,maio de 2026 ,cbhgbydrrdfsw,"domingo, 3 de maio de 2026 18:07",82400.0
333,1,,,2025,,"R$ 251.719,00",GM - Chevrolet,S10 Pick-Up LTZ 2.8 TDI 4x4 CD Dies.Aut,2025,004397-4,Diesel,1,D,maio de 2026 ,mvgkktnk49dyz,"domingo, 3 de maio de 2026 18:07",251719.0
333,1,,,2025,,"R$ 93.100,00",GM - Chevrolet,ONIX SEDAN Plus LT 1.0 12V TB Flex Aut.,2025,004501-2,Flex,1,F,maio de 2026 ,cgjxgtpntb7w3,"domingo, 3 de maio de 2026 18:07",93100.0
333,1,,,32000,5,"R$ 117.375,00",GM - Chevrolet,ONIX SEDAN Plus LT 1.0 12V TB Flex Aut.,32000,004501-2,Flex,1,F,maio de 2026 ,grykn4jb97cz,"domingo, 3 de maio de 2026 18:07",117375.0
333,1,,,2020,,"R$ 65.324,00",GM - Chevrolet,ONIX SEDAN Plus LTZ 1.0 12V TB Flex Aut.,2020,004502-0,Flex,1,F,maio de 2026 ,307q3hkzxrcz,"domingo, 3 de maio de 2026 18:07",65324.0
333,1,,,2021,,"R$ 67.203,00",GM - Chevrolet,ONIX SEDAN Plus LTZ 1.0 12V TB Flex Aut.,2021,004502-0,Flex,1,F,maio de 2026 ,4q8pvjrwltg6,"domingo, 3 de maio de 2026 18:07",67203.0
333,1,,,2022,,"R$ 74.382,00",GM - Chevrolet,ONIX SEDAN Plus LTZ 1.0 12V TB Flex Aut.,2022,004502-0,Flex,1,F,maio de 2026 ,7gf1nhpylqlf,"domingo, 3 de maio de 2026 18:07",74382.0
333,1,,,2023,,"R$ 76.283,00",GM - Chevrolet,ONIX SEDAN Plus LTZ 1.0 12V TB Flex Aut.,2023,004502-0,Flex,1,F,maio de 2026 ,75qz80mg2bpn,"domingo, 3 de maio de 2026 18:07",76283.0
333,1,,,2024,,"R$ 82.636,00",GM - Chevrolet,ONIX SEDAN Plus LTZ 1.0 12V TB Flex Aut.,2024,004502-0,Flex,1,F,maio de 2026 ,cbk632v1rl0sw,"domingo, 3 de maio de 2026 18:07",82636.0
333,1,,,2024,,"R$ 93.455,00",GM - Chevrolet,ONIX SED. Plus PREM. 1.0 12V TB Flex Aut,2024,004504-7,Flex,1,F,maio de 2026 ,cgn2hs5qhqzsw,"domingo, 3 de maio de 2026 18:07",93455.0
333,1,,,2022,,"R$ 69.652,00",GM - Chevrolet,ONIX SEDAN Plus LTZ 1.0 12V TB Flex Mec.,2022,004503-9,Flex,1,F,maio de 2026 ,5nzt3bpqc2lf,"domingo, 3 de maio de 2026 18:07",69652.0
333,1,,,2025,,"R$ 100.089,00",GM - Chevrolet,ONIX SED. Plus PREM. 1.0 12V TB Flex Aut,2025,004504-7,Flex,1,F,maio de 2026 ,f3n8ky58tldzm,"domingo, 3 de maio de 2026 18:07",100089.0
333,1,,,2022,,"R$ 69.278,00",GM - Chevrolet,ONIX HATCH LT 1.0 12V TB Flex 5p Mec.,2022,004512-8,Flex,1,F,maio de 2026 ,5jlw08bzg0lf,"domingo, 3 de maio de 2026 18:08",69278.0
333,1,,,2025,,"R$ 83.959,00",GM - Chevrolet,ONIX HATCH 1.0 12V TB Flex 5p Aut.,2025,004511-0,Flex,1,F,maio de 2026 ,cb2qz179pfdw3,"domingo, 3 de maio de 2026 18:08",83959.0
333,1,,,2023,,"R$ 71.872,00",GM - Chevrolet,ONIX HATCH LT 1.0 12V TB Flex 5p Mec.,2023,004512-8,Flex,1,F,maio de 2026 ,6h0q2q8mddpn,"domingo, 3 de maio de 2026 18:08",71872.0
333,1,,,2020,,"R$ 102.062,00",GM - Chevrolet,CRUZE Premier 1.4 16V TB Flex Aut.,2020,004509-8,Flex,1,F,maio de 2026 ,f5zznq2x9xdgh,"domingo, 3 de maio de 2026 18:08",102062.0
333,1,,,2023,,"R$ 112.592,00",GM - Chevrolet,CRUZE Premier 1.4 16V TB Flex Aut.,2023,004509-8,Flex,1,F,maio de 2026 ,glbqdnr1jrdr5,"domingo, 3 de maio de 2026 18:08",112592.0
333,1,,,2024,,"R$ 77.596,00",GM - Chevrolet,ONIX HATCH LT 1.0 12V TB Flex 5p Mec.,2024,004512-8,Flex,1,F,maio de 2026 ,8n37lgm0bmsw,"domingo, 3 de maio de 2026 18:08",77596.0
333,1,,,2025,,"R$ 84.569,00",GM - Chevrolet,ONIX HATCH LT 1.0 12V TB Flex 5p Mec.,2025,004512-8,Flex,1,F,maio de 2026 ,cb9wp8s0j29w3,"domingo, 3 de maio de 2026 18:08",84569.0
333,1,,,2023,,"R$ 73.757,00",GM - Chevrolet,ONIX HATCH LTZ 1.0 12V TB Flex 5p Mec.,2023,004513-6,Flex,1,F,maio de 2026 ,663wfj6nqypn,"domingo, 3 de maio de 2026 18:08",73757.0
333,1,,,2023,,"R$ 75.001,00",GM - Chevrolet,ONIX HATCH LT 1.0 12V TB Flex 5p Aut.,2023,004514-4,Flex,1,F,maio de 2026 ,7pp08plg3tpn,"domingo, 3 de maio de 2026 18:08",75001.0
333,1,,,2024,,"R$ 82.967,00",GM - Chevrolet,ONIX HATCH LT 1.0 12V TB Flex 5p Aut.,2024,004514-4,Flex,1,F,maio de 2026 ,cbp3fm8589nsw,"domingo, 3 de maio de 2026 18:08",82967.0
333,1,,,2024,,"R$ 86.456,00",GM - Chevrolet,ONIX HATCH LTZ 1.0 12V TB Flex 5p Aut.,2024,004515-2,Flex,1,F,maio de 2026 ,cc00k4557xxsw,"domingo, 3 de maio de 2026 18:08",86456.0
333,1,,,2025,,"R$ 97.110,00",GM - Chevrolet,ONIX HATCH LTZ 1.0 12V TB Flex 5p Aut.,2025,004515-2,Flex,1,F,maio de 2026 ,ch1xzqydbr9w3,"domingo, 3 de maio de 2026 18:08",97110.0
333,1,,,2023,,"R$ 81.986,00",GM - Chevrolet,ONIX HATCH PREM. 1.0 12V TB Flex 5p Aut.,2023,004516-0,Flex,1,F,maio de 2026 ,cbblv5kf96gpn,"domingo, 3 de maio de 2026 18:08",81986.0
333,1,,,2024,,"R$ 91.270,00",GM - Chevrolet,ONIX HATCH PREM. 1.0 12V TB Flex 5p Aut.,2024,004516-0,Flex,1,F,maio de 2026 ,cfvf952mrcwsw,"domingo, 3 de maio de 2026 18:08",91270.0
333,1,,,2025,,"R$ 97.697,00",GM - Chevrolet,ONIX HATCH PREM. 1.0 12V TB Flex 5p Aut.,2025,004516-0,Flex,1,F,maio de 2026 ,ch8tbsp7qdhw3,"domingo, 3 de maio de 2026 18:08",97697.0
333,1,,,2021,,"R$ 59.730,00",GM - Chevrolet,ONIX HATCH LT 1.0 12V Flex 5p Mec.,2021,004517-9,Flex,1,F,maio de 2026 ,1xnhc1gt4zg6,"domingo, 3 de maio de 2026 18:08",59730.0
333,1,,,2022,,"R$ 62.969,00",GM - Chevrolet,ONIX HATCH LT 1.0 12V Flex 5p Mec.,2022,004517-9,Flex,1,F,maio de 2026 ,24mr0cfxwdlf,"domingo, 3 de maio de 2026 18:08",62969.0
333,1,,,2023,,"R$ 66.395,00",GM - Chevrolet,ONIX HATCH LT 1.0 12V Flex 5p Mec.,2023,004517-9,Flex,1,F,maio de 2026 ,4fs0nqmftzpn,"domingo, 3 de maio de 2026 18:08",66395.0
333,1,,,2025,,"R$ 73.087,00",GM - Chevrolet,ONIX HATCH LT 1.0 12V Flex 5p Mec.,2025,004517-9,Flex,1,F,maio de 2026 ,6y8b5b3xmbw3,"domingo, 3 de maio de 2026 18:08",73087.0
333,1,,,32000,5,"R$ 102.759,00",GM - Chevrolet,ONIX HATCH LT 1.0 12V Flex 5p Mec.,32000,004517-9,Flex,1,F,maio de 2026 ,f6s90kbw7hcz,"domingo, 3 de maio de 2026 18:08",102759.0
333,1,,,2025,,"R$ 95.184,00",GM - Chevrolet,ONIX HATCH LT 1.0 12V TB Flex 5p Aut.,2025,004514-4,Flex,1,F,maio de 2026 ,chbbyd2ckm4w3,"domingo, 3 de maio de 2026 18:08",95184.0
333,1,,,2023,,"R$ 81.167,00",GM - Chevrolet,ONIX HATCH LTZ 1.0 12V TB Flex 5p Aut.,2023,004515-2,Flex,1,F,maio de 2026 ,90z51htdhvpn,"domingo, 3 de maio de 2026 18:08",81167.0
333,1,,,2022,,"R$ 63.352,00",GM - Chevrolet,ONIX SEDAN Plus LT 1.0 12V Flex 4p Mec.,2022,004518-7,Flex,1,F,maio de 2026 ,283zg2zfrflf,"domingo, 3 de maio de 2026 18:08",63352.0
333,1,,,2024,,"R$ 69.666,00",GM - Chevrolet,ONIX HATCH LT 1.0 12V Flex 5p Mec.,2024,004517-9,Flex,1,F,maio de 2026 ,5n4xvgkmzksw,"domingo, 3 de maio de 2026 18:08",69666.0
333,1,,,2025,,"R$ 94.191,00",GM - Chevrolet,ONIX SEDAN Plus LTZ 1.0 12V TB Flex Aut.,2025,004502-0,Flex,1,F,maio de 2026 ,cgyp0qs15nqw3,"domingo, 3 de maio de 2026 18:08",94191.0
333,1,,,2021,,"R$ 66.452,00",GM - Chevrolet,ONIX SEDAN Plus LTZ 1.0 12V TB Flex Mec.,2021,004503-9,Flex,1,F,maio de 2026 ,4ggqxhknxyg6,"domingo, 3 de maio de 2026 18:08",66452.0
333,1,,,2023,,"R$ 67.522,00",GM - Chevrolet,ONIX HATCH 1.0 12V Flex 5p Mec.,2023,004519-5,Flex,1,F,maio de 2026 ,4v0m6fjj3tpn,"domingo, 3 de maio de 2026 18:08",67522.0
333,1,,,2021,,"R$ 59.444,00",GM - Chevrolet,ONIX HATCH 1.0 12V Flex 5p Mec.,2021,004519-5,Flex,1,F,maio de 2026 ,1s9jvv0vfxg6,"domingo, 3 de maio de 2026 18:08",59444.0
333,1,,,2025,,"R$ 76.701,00",GM - Chevrolet,ONIX SEDAN Plus LT 1.0 12V Flex 4p Mec.,2025,004518-7,Flex,1,F,maio de 2026 ,8bmx31mq3hw3,"domingo, 3 de maio de 2026 18:08",76701.0
333,1,,,2024,,"R$ 69.348,00",GM - Chevrolet,ONIX HATCH 1.0 12V Flex 5p Mec.,2024,004519-5,Flex,1,F,maio de 2026 ,5kfbrv4jvbsw,"domingo, 3 de maio de 2026 18:08",69348.0
333,1,,,2024,,"R$ 102.468,00",GM - Chevrolet,TRACKER LT 1.0 Turbo 12V Flex Aut.,2024,004522-5,Flex,1,F,maio de 2026 ,f6gq32ygytdwd,"domingo, 3 de maio de 2026 18:08",102468.0
333,1,,,2025,,"R$ 107.307,00",GM - Chevrolet,TRACKER LT 1.0 Turbo 12V Flex Aut.,2025,004522-5,Flex,1,F,maio de 2026 ,gc4mhl6bncdzm,"domingo, 3 de maio de 2026 18:08",107307.0
333,1,,,2025,,"R$ 71.220,00",GM - Chevrolet,ONIX HATCH 1.0 12V Flex 5p Mec.,2025,004519-5,Flex,1,F,maio de 2026 ,58crmvghn8w3,"domingo, 3 de maio de 2026 18:08",71220.0
333,1,,,2020,,"R$ 131.325,00",GM - Chevrolet,BOLT EV Premier 203cv (Elétrico),2020,004520-9,Elétrico,1,E,maio de 2026 ,g89lxqnx4vdf5,"domingo, 3 de maio de 2026 18:08",131325.0
333,1,,,2022,,"R$ 104.910,00",GM - Chevrolet,TRACKER Premier 1.2 Turbo 12V Flex Aut.,2022,004525-0,Flex,1,F,maio de 2026 ,f9bhnrvkvndny,"domingo, 3 de maio de 2026 18:08",104910.0
333,1,,,2024,,"R$ 119.493,00",GM - Chevrolet,TRACKER Premier 1.2 Turbo 12V Flex Aut.,2024,004525-0,Flex,1,F,maio de 2026 ,gvfj4n7bwcdwd,"domingo, 3 de maio de 2026 18:08",119493.0
333,1,,,2023,,"R$ 108.761,00",GM - Chevrolet,TRACKER Premier 1.2 Turbo 12V Flex Aut.,2023,004525-0,Flex,1,F,maio de 2026 ,gfvgs0fxx8dr5,"domingo, 3 de maio de 2026 18:08",108761.0
333,1,,,2025,,"R$ 130.829,00",GM - Chevrolet,TRACKER Premier 1.2 Turbo 12V Flex Aut.,2025,004525-0,Flex,1,F,maio de 2026 ,g8qk1qqbh6dzm,"domingo, 3 de maio de 2026 18:08",130829.0
333,1,,,2023,5,"R$ 74.801,00",GM - Chevrolet,ONIX SEDAN Plus LTZ 1.0 12V TB Flex Mec.,2023,004503-9,Flex,1,F,maio de 2026 ,7mcbrtpyykpn,"domingo, 3 de maio de 2026 18:08",74801.0
333,1,,,2023,,"R$ 154.893,00",GM - Chevrolet,EQUINOX Premier 1.5 Turbo 172cv Aut.,2023,004529-2,Gasolina,1,G,maio de 2026 ,h5x69lkqwzdqw,"domingo, 3 de maio de 2026 18:08",154893.0
333,1,,,32000,5,"R$ 168.928,00",GM - Chevrolet,TRACKER Premier 1.2 Turbo 12V Flex Aut.,32000,004525-0,Flex,1,F,maio de 2026 ,jqdb95qzvlcz,"domingo, 3 de maio de 2026 18:08",168928.0
333,1,,,2024,,"R$ 165.726,00",GM - Chevrolet,EQUINOX Premier 1.5 Turbo 172cv Aut.,2024,004529-2,Gasolina,1,G,maio de 2026 ,jlmzf4ds56dt3,"domingo, 3 de maio de 2026 18:08",165726.0
333,1,,,2024,,"R$ 108.729,00",GM - Chevrolet,TRACKER LTZ 1.0 Turbo 12V Flex Aut.,2024,004532-2,Flex,1,F,maio de 2026 ,gfs9q8gkv0dwd,"domingo, 3 de maio de 2026 18:08",108729.0
333,1,,,2025,,"R$ 120.740,00",GM - Chevrolet,TRACKER LTZ 1.0 Turbo 12V Flex Aut.,2025,004532-2,Flex,1,F,maio de 2026 ,gwwv6n97r7dzm,"domingo, 3 de maio de 2026 18:08",120740.0
333,1,,,2022,,"R$ 100.391,00",GM - Chevrolet,TRACKER Premier 1.0 Turbo 12V Flex Aut.,2022,004533-0,Flex,1,F,maio de 2026 ,f307vnlfjcdny,"domingo, 3 de maio de 2026 18:09",100391.0
333,1,,,2023,,"R$ 95.293,00",GM - Chevrolet,TRACKER LT 1.0 Turbo 12V Flex Aut.,2023,004522-5,Flex,1,F,maio de 2026 ,chcmkk414nzpn,"domingo, 3 de maio de 2026 18:09",95293.0
